44b2a5ccaa7b58878d19634acf364eb90a9ef34e,4b4bcbfb67f2cbd18da39276a59de61d0540c2e6
18e58ffb3759819155261f7e3e68491f330ecd02,2e14098c19afd5d22d879e5ea31eb0c793abbccf
9db1834941ee24cb7c23fc8254f023aa51433a96,c3d738c6aed3bad135ae4aecfdab94c9fb5d7f42
9f663c7dd285e56b3f26b36461d5ae13e126cf74,02a46f7d1fd4b2e7a7b45f158e82da9f2b4345ea
7b0388878e522468f90ea163b15ccfba05616c95,b1d296a3acb31bda6b830c3bfcd29dfeec3b2ea3
47ed0c7cdcb4d516e41769e38a9cd5ef4d01713d,8f67c1bbb9f09d82ae537aabe76979fd13827d0d
f8bf45444c49053a92f6f560c5008d5ac43aa27f,915fdd3fcb55f81fbb4f63f9f9752c329488c524
37f66c243b28b72dba2e14e4ce12b447762c089a,817224be9c2762c8a79c1f392522cc98001e5be1
72b101feac88d64a9abb52169062115651fda67a,07a0255f1bc0a68e5214be684d9710957f412143
66e44d1011fe43b69cabf01ca65c7e334bf692c5,21a1cfca333d32e373d4955df9a82d5bb7822cf1
c716d1de3fe1bde6a330629939c45745e9e65e95,d23fc99a99ac44f2a4352899e2a6d12d26a74503
4ffa7acc032f58cdf484f4ceae1283111cf1c3b5,f6413a34e77cf43b18c6625a0f77f47ffa466ee3
ac06b2498f351000ab3d5f937fbeef58df5f31e4,04003ea40d163a348bcc6d30bf03f6c3e284ba1b
5d191d7ea0cf081b95cb89b5352aba465b7e6811,21a1cfca333d32e373d4955df9a82d5bb7822cf1
cc94767e7eabdfcf9d1cab1d8d1d8556864394c6,5e62bf80f345ff28d494c2b407a9e8691a9fb684
bd9adbb637a8a4aa5eb61c6fde2c576d0ab3c4fa,b5749b4f54b30c0c2050e456c12cfcf516434f13
04babff3798680e012646988841bcc710a9e3c54,9ef322c33c465d8ae9a1d854dfa977f47f629009
e9bda17e9a27e4e8d1b951854baf838f0075619f,03bf0d33143ebd13e4f389cd4ecac8aec17c2057
42beb56a2ed0176bf0c47fe1b844f01d459130d1,f95ec3f5bf12bee07c90943cff3b135e6a7e7a8b
8df7e7deecad2b8131d67a1916b1ec4c9f7bc633,95f9a515aac3c19e14a39539f490203f5867dcc5
f216f22915f9620c086e361e6eb759a75bed199a,8767e4cde172b6e6070e3fd45325ede617b99343
b9d49761f72078a0a83137ba8197d08b71f385e0,10f9f5101c44be7c675a44ded4aad212627ecdee
f5312aedb9fa3dc895d61844b5c3202b02554f80,5f9b4c14a175873b4f82654513e289c657c694eb
25fb150da9f9d78307d79516d655bf29f56deecc,cd1b27591da26ea17637cc01fd6d4c427c06e7d9
9e6f2bab20257b6823a5b753739f047d79e9dcbd,c24af304077e4a6d1925db7cd35d0cd1ed488d6a
dea305503ad8827121e8212248c271f1f2f90048,23e2916947940864f828505531aa130fba6d8743
c3d4a3b4cbf9c0e560673db3d94fd6ef0e87a7c0,383999b9aff7b848038d8091f6b36d90a7388c21
f17433f2de69b70a89064eb88b543d5e51c61460,94148f092f4b65b3abde48a38f80076c6d4f9f78
e5210d1f9ef4f1d41ff0a8c4a2ab8e9192d5e087,df272b77c2cf89e9cbe2512bbddf8a3bc28a704b
a31ec08e102fd3832f3ff4449e9163440f0afb2c,8749726a79c22451b1f01b14fb2137f734e926b4
982c993a1b886a807d7facc47dcb29dbed2961f3,a657ae0240b875a703a1e4909d56ad59997d362d
397a0caeb374c55b8dcb58e09d0faebb6e017252,b934c5d3e30917de86796c89fcb7cd000f642a80
f627193ce0950f0d55ed1b4f6a2fe9973447853a,ea1fb65e9ff8eee82c4e379dc3236d09a5ab02e1
dbc053f3e42d302680369539c7a14a5322c5562b,a59cfeec5b50f4c0ccade9a52d7311b29f297d75
11ea8be0626d0d8de285ca73b779b074437194e2,80a21520000825accfa478961f99c0982902ce6d
917d6e91e968e35336720c17d88d3d9d84afa11e,39c9c44caf0982234d6835cc4eecfecd8c609b9b
90aee119e31ff356c22c486f3299eabfef49fcc4,06af4033c8f34dba38ba2346a4a81ed019299ca4
1eeef23fd9e41e5cbe9fa81a1561a42dbe57fade,0065c17ccad0e984d2e7e4717e252a80022b9ae4
6c007487c7aa2fad0cb03109a959f997eca41d41,4b36f794dca3866cd817f7f48f05d4ab6b8edd34
fb0ba255a69fdbf346f60e5f2a10e26b70fefd7f,47cefe6869c9f41fef17d0187377a7cd379a488e
a19bcb76f70c7c58b5b858c84c7247c3d258e4bf,dd3a21ed090491ab4434ba62decae348c0c3ef99
e6eeb71fad73b8f8108dba16346f64bd89ecff11,88256380814b89ae192690b58bad58e41aa661db
52e62f8d4d690627a56b8ab084ecdfbc5ae610bd,abe0de1dc65540e8d8333630b397dae1b694aa34
da3d425307356d1e8a9a3569839c47e30d51a939,356ce438d31e93785e3cea93e87fa51ea78fb5ad
e48cdc83ebda8439b0544b7ddbc4f16f2624c3ab,a14ff69061977d8db2a2c9914b4deeb84c70b2ea
a554aae38b33e892b40f96c839081a7ff14c8b2c,d263bc58ab83b6ee2d0a0ab74f8ef52810046a46
4bc0c553e40ce1e47d8d2a6a43df5c5923898f8c,e7c1d0c8b888cc09fe4b6afc61ea6b5f1eb98a72
545a8d40b26adefc1ca851cd71974e3b068c4a39,f3992a56c7c4ed557e0c697cabe24ef9c0c17dae
844fece52a045d4112827e81314970848360788c,d573dc006e4b00be2fa1bfc533ea1cf5bb72aea5
6532f731642dd1117c2b30a4a24c5743ee7c6428,e664c87816173f3f6ca10b0823ce96a7bb478f21
4f1cc5849212a5a30668814378f5c46b1a45abfd,57e7c7fdf0682ff53cbd386edde78bc2d3ae33bc
